ID,Country or Subregion,Serotype,Year,In / Out of Subregions,EW,(C/TC) x100 (e),(SD/D) x100 (e),CFR (f),Confirmed,Deaths,Epidemiological Week (a),Incidence Rate (c),Population X 1000,Severe Dengue (d),Total of Dengue Cases (b)
6,Antigua and Barbuda,  ,2017,Out,53,0,0,0,0,0,52,1.05,95,0,1
6,Bermuda,  ,2022,Out,53,,,,0,0,48,0,72,0,0
5,Dominican Republic,DEN 2,2017,Out,53,1.320616288,6.456346295,0.22,18,3,52,12.66,10767,88,1363
6,Guadeloupe,"DEN 2,4",2014,Out,53,62.84896206,0.572655691,0,878,0,48,298.5,468,8,1397
6,Jamaica,DEN 4,2015,Out,53,15.90909091,0,0,14,0,52,3.13,2813,0,88
6,Jamaica,DEN 3,2018,Out,53,2.839756592,7.403651116,1.318,28,13,52,34.01,2899,73,986
6,Curaçao,  ,2024,Out,53,87.02290076,0,0,228,0,12,172.37,152,0,262
6,Aruba,DEN 1,2014,Out,53,8.5,0,0,34,0,48,360.36,111,0,400
2,Panama,"DEN 1,2,3",2016,Out,53,34.49506614,0.304429981,0.094,3286,9,52,238.75,3990,29,9526
6,Antigua and Barbuda,DEN 3,2019,Out,53,2.943581357,0,0,36,0,48,"1,187.38",103,0,1223
3,Bolivia,DEN 4,2014,Out,53,14.7799412,1.619019215,0,3469,0,53,216.36,10848,380,23471
3,Bolivia,"DEN 1,3",2017,Out,53,9.241156908,0.665121435,0.02,917,2,52,89.78,11052,66,9923
3,Colombia,"DEN 1,2,3,4",2015,Out,53,40.93048816,1.473393887,0.161,39475,155,52,194.72,49529,1421,96444
5,Dominican Republic,DEN 1,2020,Out,53,11.42785066,6.180625631,0.908,453,36,53,36.42,10883,245,3964
6,Guadeloupe,  ,2017,Out,53,0.185185185,0,0,1,0,46,120,450,0,540
6,Guadeloupe,"DEN 1,2,3",2020,Out,53,1.453083939,0.01545834,0.01,282,2,53,"4,322.27",449,3,19407
6,Jamaica,  ,2021,Out,53,5.208333333,0,0,5,0,52,3.23,2973,0,96
6,Aruba,  ,2022,Out,53,18.18181818,0,0,2,0,52,9.09,121,0,11
2,Panama,"DEN 1,2,3,4",2024,Out,53,70.31221472,0.438196093,0.164,3851,9,16,122.89,4457,24,5477
6,Saint Barthelemy,DEN 2,2024,Out,53,0,0,0,0,0,16,"1,728.57",7,0,121
6,Saint Kitts and Nevis,  ,2014,Out,53,12,0,0,9,0,53,144.23,52,0,75
6,Saint Martin,DEN 4,2016,Out,53,1.142857143,0,0,4,0,49,"1,093.75",32,0,350
6,Suriname,DEN 2,2014,Out,53,17.39130435,0,0,4,0,53,4.23,544,0,23
6,Suriname,  ,2015,Out,53,40,0,0,6,0,52,2.74,548,0,15
6,Suriname,  ,2018,Out,53,0.81300813,0,0,1,0,52,21.65,568,0,123
6,Suriname,  ,2021,Out,53,80,0,0,8,0,51,1.69,592,0,10
6,Trinidad and Tobago,"DEN 1,4",2014,Out,53,12.16216216,0,0,18,0,53,11.01,1344,0,148
6,Turks and Caicos Islands,  ,2018,Out,53,0,0,0,0,0,52,7.14,28,0,2
6,Turks and Caicos Islands,  ,2021,Out,53,100,0,0,4,0,44,7.02,57,0,4
6,Turks and Caicos Islands,DEN 3,2024,Out,53,39.18918919,0,0,29,0,12,129.82,57,0,74
1,United States of America,  ,2014,Out,53,100,0,0,668,0,53,0.21,322583,0,668
1,United States of America,  ,2017,Out,53,100,1.986754967,0,453,0,52,0.14,324460,9,453
6,Virgin Islands (US),  ,2022,Out,53,,,,0,0,52,0,106,0,0
3,Venezuela,"DEN 1,2,3,4",2022,Out,53,22.71890613,0.376895433,0.158,2592,18,52,39.75,28705,43,11409
2,Central America Ithsmus and Mexico,  ,2018,In,53,12.97888613,1.322224025,0.05,22400,87,-,96.09,179612,2282,172588
6,Saint Kitts and Nevis,DEN 3,2020,Out,53,10,0,0,2,0,53,45.45,44,0,20
6,Saint Kitts and Nevis,"DEN 2,3",2023,Out,53,100,0,0.352,284,1,52,525.93,54,0,284
6,Saint Lucia,  ,2017,Out,53,100,0,0,66,0,52,40,165,0,66
6,Saint Lucia,"DEN 2,3",2020,Out,53,100,0,0.228,1318,3,53,732.22,180,0,1318
6,Saint Lucia,  ,2021,Out,53,100,0,0,39,0,52,23.35,167,0,39
6,Saint Lucia,DEN 2,2023,Out,53,100,0,0,60,0,52,35.93,167,0,60
6,Saint Lucia,  ,2024,Out,53,100,0,0,5,0,17,2.99,167,0,5
6,Saint Martin,"DEN 1,2",2019,Out,53,24.61538462,0,0,64,0,50,812.5,32,0,260
6,Saint Martin,  ,2022,Out,53,0,0,0,0,0,49,106.06,33,0,35
6,Saint Vincent and the Grenadines,  ,2017,Out,53,66.66666667,0,0,2,0,52,2.94,102,0,3
6,Saint Vincent and the Grenadines,DEN 3,2020,Out,53,100,0.499064255,0.499,1603,8,53,"1,457.27",110,8,1603
6,Saint Vincent and the Grenadines,  ,2023,Out,53,100,0,0,15,0,44,14.85,101,0,15
6,"Bonaire, Saint Eustatius and Saba",  ,2017,Out,53,,,,,,-,,26,,
6,"Bonaire, Saint Eustatius and Saba",  ,2018,Out,53,,,,0,0,52,0,26,0,0
2,Nicaragua,"DEN 1,2,3,4",2014,Out,53,5.448129852,0,0,1930,0,53,574.24,6169,0,35425
2,Nicaragua,DEN 2,2016,Out,53,7.478832958,,0.018,6616,16,52,"1,438.42",6150,,88463
2,Nicaragua,DEN 2,2017,Out,53,3.880269502,,0.003,2511,2,52,"1,040.72",6218,,64712
2,Nicaragua,DEN 2,2020,Out,53,2.333512502,0.129742554,0.002,1259,1,53,858.44,6285,70,53953
4,Paraguay,"DEN 1, 2",2017,Out,53,33.62445415,0,0,616,0,52,26.9,6811,0,1832
4,Paraguay,"DEN 1,2,4",2020,Out,53,27.74575256,0.074626199,0.034,62090,75,53,"3,244.63",6897,167,223782
4,Paraguay,"DEN 1,2",2023,Out,53,23.62692989,0,0.038,14936,24,52,836.85,7554,0,63216
3,Peru,"DEN 1,2,3,4",2016,Out,53,53.51763525,0.389105058,0.116,17055,37,52,100.3,31774,124,31868
5,Puerto Rico,  ,2016,Out,53,100,0,0,168,0,52,4.56,3681,0,168
5,Puerto Rico,  ,2019,Out,53,100,0,0,37,0,52,1.01,3659,0,37
5,Puerto Rico,"DEN 1,2,3",2022,Out,53,87.68328446,4.398826979,0.293,897,3,52,36.17,2828,45,1023
6,Saint Barthelemy,DEN 1,2016,Out,53,76.92307692,0,0,60,0,51,866.67,9,0,78
6,Martinique,"DEN 1,2,4",2014,Out,53,42.26190476,0.654761905,0.119,710,2,48,414.81,405,11,1680
6,Martinique,DEN 2,2017,Out,53,7.079646018,0,0,8,0,46,29.35,385,0,113
6,Martinique,"DEN 1,2,3",2020,Out,53,37.89122785,0.145070683,0.052,12276,17,53,"8,415.06",385,47,32398
6,Guyana,  ,2016,Out,53,100,0,0,303,0,52,39.3,771,0,303
6,Guyana,  ,2019,Out,53,100,0,0,230,0,24,29.41,782,0,230
2,Honduras,"DEN 2,3,4",2014,Out,53,,5.400790588,0.012,,5,53,517.53,8261,2309,42753
2,Honduras,"DEN 1,2,4",2022,Out,53,,1.720803568,0.036,,9,52,251.78,10063,436,25337
6,Jamaica,  ,2024,Out,53,0,0,0,0,0,15,38.11,2973,0,1133
6,Martinique,DEN 2,2023,Out,53,5.657527004,0.196389455,0.045,749,6,52,"3,530.40",375,26,13239
2,Mexico,"DEN 1,2,3,4",2024,Out,53,19.41335392,0.607453896,0.023,11569,14,17,45.04,132308,362,59593
6,Montserrat,DEN 2,2014,Out,53,5.882352941,0,0,1,0,53,340,5,0,17
6,Montserrat,  ,2017,Out,53,,,,0,0,52,0,5,0,0
6,Montserrat,  ,2020,Out,53,,,,0,0,10,0,5,0,0
6,Suriname,  ,2017,Out,53,0,0,0,0,0,52,0.18,563,0,1
6,Saint Kitts and Nevis,  ,2017,Out,53,10,0,0,1,0,52,18.87,53,0,10
5,Dominican Republic,"DEN 1,2,3",2023,Out,53,2.977977978,0.682825683,0.222,833,62,52,255.36,10954,191,27972
2,El Salvador,"DEN 1,2,3",2015,Out,53,19.92864119,0.727540912,0.012,9998,6,52,780.72,6426,365,50169
2,El Salvador,DEN 2,2018,Out,53,9.339488636,1.870265152,0.095,789,8,52,131.75,6412,158,8448
6,French Guiana,"DEN 1,2",2016,Out,53,1.724137931,0,0,9,0,51,189.13,276,0,522
6,Grenada,  ,2015,Out,53,100,0,0,25,0,52,22.52,111,0,25
6,Dominica,  ,2023,Out,53,,,,,,-,,75,,
5,Dominican Republic,"DEN 1,2,4",2014,Out,53,,6.758049091,0.988,,62,53,59.59,10529,424,6274
6,Grenada,  ,2018,Out,53,100,0,0,463,0,52,428.7,108,0,463
6,Grenada,  ,2021,Out,53,100,0,0,230,0,48,201.75,114,0,230
6,Grenada,  ,2024,Out,53,0,0.793650794,0,0,0,17,110.53,114,1,126
6,"Bonaire, Saint Eustatius and Saba",  ,2014,Out,53,,,,,,-,,225,,
6,Guadeloupe,"DEN 1,2",2023,Out,53,7.624882989,0.382946132,0.06,896,7,52,"2,937.75",400,45,11751
2,Guatemala,"DEN 1,2,3,4",2015,Out,53,6.800310112,0.276885591,0.05,1228,9,52,111.09,16255,50,18058
2,Guatemala,"DEN 1,2,3,4",2016,Out,53,3.731343284,0.53143374,0.011,330,1,52,53.04,16673,47,8844
4,Brazil,"DEN 1,2,3,4",2023,Out,53,45.6282399,0.052314343,0.038,1409465,1179,52,"1,443.51",213993,1616,3089019
2,Belize,  ,2014,Out,53,10.2164831,5.65894417,0,269,0,53,754.44,349,149,2633
2,Belize,  ,2022,Out,53,3.75984252,0,0,191,0,52,"1,279.60",397,0,5080
6,Virgin Islands (UK),  ,2023,Out,53,100,0,0,7,0,52,18.42,38,0,7
1,Canada,  ,2016,Out,53,,,,0,0,52,,0,0,0
2,Guatemala,"DEN 1,2,3,4",2019,Out,53,2.833518401,0.224064086,0.131,1429,66,52,292.44,17245,113,50432
6,Antigua and Barbuda,DEN 3,2020,Out,53,2.948402948,0,0,12,0,36,395.15,103,0,407
4,Brazil,"DEN 1,2,3,4",2020,Out,53,52.14996231,0.056436255,0.038,765114,554,53,703.68,208495,828,1467142
6,Antigua and Barbuda,"DEN 1,2,3",2023,Out,53,13.77952756,0,0,35,0,52,256.57,99,0,254
6,Cayman Islands,  ,2024,Out,53,100,0,0,3,0,9,4.76,63,0,3
4,Chile,  ,2014,Out,53,100,0,0,30,0,53,0.17,17773,0,30
4,Chile,  ,2022,Out,53,,,,0,0,52,0,19212,0,0
3,Colombia,"DEN 1,2,3",2019,Out,53,29.80408144,1.102286893,0.068,38016,87,52,257.87,49465,1406,127553
3,Colombia,"DEN 1,2,3,4",2022,Out,53,68.15545995,1.972747025,0.069,47366,48,52,135.56,51266,1371,69497
2,Costa Rica,"DEN 1,2,3",2016,Out,53,0,0.09005532,0,0,0,52,480.11,4857,21,23319
2,Costa Rica,"DEN 1,2",2019,Out,53,3.882978723,0.117021277,0,365,0,52,189.78,4953,11,9400
5,Cuba,  ,2014,Out,53,100,0,0,2522,0,53,22.4,11259,0,2522
5,Cuba,"DEN 1,2,3,4",2022,Out,53,100,0.592885375,0.033,3036,1,26,26.83,11317,18,3036
4,Argentina,"DEN 1,4",2016,Out,53,51.86709458,0.037757221,0.013,41211,10,52,181.21,43847,30,79455
4,Argentina,"DEN 1,4",2019,Out,53,53.41614907,0.279503106,0,1720,0,52,7.21,44689,9,3220
4,Argentina,"DEN 1,2",2022,Out,53,100,0.533333333,0,750,0,50,1.64,45606,4,750
6,Bahamas,  ,2015,Out,53,30,0,0,3,0,52,2.58,388,0,10
6,Antigua and Barbuda,DEN 2,2016,Out,53,2.912621359,0,0,3,0,52,109.57,94,0,103
3,Colombia,"DEN 1,2,3,4",2016,Out,53,45.34826166,0.889958026,0.059,45809,60,52,207.62,48654,899,101016
3,Colombia,"DEN 1,2,3",2018,Out,53,9.064138316,1.173452315,0.051,4063,23,52,90.62,49465,526,44825
1,Canada,  ,2019,Out,53,,,,0,0,52,,0,0,0
6,Barbados,DEN1,2015,Out,53,24.25447316,0.198807157,0.199,122,1,52,172.85,291,1,503
6,Barbados,"DEN 1,2,3",2023,Out,53,81.71206226,0,0,630,0,52,255.3,302,0,771
6,Bermuda,  ,2015,Out,53,,,,0,0,52,0,70,0,0
6,Bermuda,  ,2016,Out,53,0,0,0,0,0,52,2.82,71,0,2
6,Bermuda,  ,2018,Out,53,,,,0,0,52,0,71,0,0
6,Bermuda,  ,2019,Out,53,100,0,0,2,0,44,2.82,71,0,2
3,Andean Subregion,  ,2024,In,53,66.24441422,0.514713575,0.064,221624,215,-,292.58,114346,1722,334555
1,North America,  ,2017,In,53,100,1.986754967,0,453,0,-,0.14,324460,9,453
7,The Americas,  ,2020,In,53,43.2844449,0.266227528,0.044,1009324,1031,-,238.86,976246,6208,2331840
3,Bolivia,"DEN 1,2",2020,Out,53,13.18221416,0.62507297,0.037,14678,41,53,992.75,11216,696,111347
6,Virgin Islands (UK),  ,2020,Out,53,100,0,0,44,0,44,157.14,28,0,44
6,Virgin Islands (US),  ,2016,Out,53,100,0,0,11,0,52,10.68,103,0,11
6,Virgin Islands (US),  ,2019,Out,53,,,,0,0,52,0,105,0,0
4,Uruguay,DEN 1,2016,Out,53,100,0,0,19,0,52,0.55,3444,0,19
4,Uruguay,  ,2019,Out,53,,,,0,0,52,0,3470,0,0
3,Venezuela,"DEN 1,2,3,4",2016,Out,53,19.92961596,0.392920596,0.133,5833,39,52,92.86,31519,115,29268
3,Venezuela,"DEN 1,2,3",2019,Out,53,5.494848579,0.437090228,0.144,880,23,52,49.46,32381,70,16015
1,North America,  ,2015,In,53,100,0.634920635,0,945,0,-,0.29,325128,6,945
4,Southern Cone,  ,2020,In,53,50.59901331,0.061818151,0.037,885632,648,-,621.23,281748,1082,1750295
1,North America,  ,2018,In,53,100,1.812688822,0,331,0,-,0.1,326767,6,331
3,Andean Subregion,  ,2021,In,53,65.79780261,0.89083311,0.08,90849,111,-,96.52,143051,1230,138073
6,Non-Latin Caribbean,  ,2018,In,53,29.95124924,2.224253504,0.396,983,13,-,16.53,19855,73,3282
5,Latin Caribbean,  ,2022,In,53,26.49733881,2.304116419,0.29,3933,43,-,59.14,25099,342,14843
2,Central America Ithsmus and Mexico,  ,2015,In,53,11.00351723,1.744349067,0.02,44737,81,-,236.45,171944,7092,406570
4,Southern Cone,  ,2023,In,53,47.36337687,0.057180807,0.039,1554736,1278,-,"1,132.51",289850,1877,3282570
3,Andean Subregion,  ,2022,In,53,66.59206303,0.974140985,0.093,124073,173,-,130.25,143051,1815,186318
6,Non-Latin Caribbean,  ,2015,In,53,23.63707674,0.013073604,0.052,1808,4,-,39.82,19211,1,7649
7,The Americas,  ,2015,In,53,26.77319197,0.518005088,0.056,646375,1355,-,252.72,955297,12506,2414262
4,Southern Cone,  ,2015,In,53,29.46001915,0.092018111,0.05,507445,868,-,628.19,274199,1585,1722487
7,The Americas,  ,2017,In,53,27.64521994,0.235087993,0.039,230369,328,-,85.89,970158,1959,833305
7,The Americas,  ,2023,In,53,44.47863243,0.172833473,0.053,2046187,2418,-,462.71,994235,7951,4600382
6,Antigua and Barbuda,"DEN 1,4",2014,Out,53,45.94594595,0,0,17,0,53,40.66,91,0,37
3,Peru,"DEN 1,2",2021,Out,53,77.64338191,0.290213906,0.079,38258,39,52,147.71,33359,143,49274
6,Saint Barthelemy,DEN 1,2021,Out,53,,0,0,,0,11,"1,000.00",7,0,70
6,French Guiana,"DEN 1,2,3",2024,Out,53,62.75060457,0,0.039,8044,5,16,"4,189.22",306,0,12819
2,Costa Rica,"DEN 1,2,3,4",2022,Out,53,7.428189713,0,0,556,0,52,145.65,5139,0,7485
6,Montserrat,  ,2022,Out,53,11.11111111,0,0,1,0,52,180,5,0,9
2,Panama,"DEN 1,2",2022,Out,53,67.33478698,0.176115398,0.042,8029,5,52,271.12,4398,21,11924
2,Central America Ithsmus and Mexico,  ,2021,In,53,9.333813658,1.230977401,0.048,10623,55,-,62.63,181716,1401,113812
1,North America,  ,2023,In,53,100,0,0,156,0,-,0.05,332915,0,156
3,Andean Subregion,  ,2016,In,53,41.81612577,0.593204502,0.068,87269,142,-,149.9,139220,1238,208697
4,Southern Cone,  ,2018,In,53,36.53762497,0.065655386,0.035,181421,175,-,174.76,284121,326,496532
6,Non-Latin Caribbean,  ,2024,In,53,33.39305003,0.010538241,0.026,12675,10,-,433.3,8760,4,37957
6,Non-Latin Caribbean,  ,2021,In,53,34.97880665,0,0,5364,0,-,75.05,20433,0,15335
3,Andean Subregion,  ,2019,In,53,24.88974904,0.940702433,0.095,47070,179,-,132.73,142477,1779,189114
2,Central America Ithsmus and Mexico,  ,2024,In,53,16.06516333,0.477739551,0.036,18865,42,-,63.83,183972,561,117428
5,Latin Caribbean,  ,2023,In,53,6.075854043,0.86602314,0.212,1775,62,-,116.4,25099,253,29214
4,Uruguay,  ,2021,Out,53,3.846153846,0,0,2,0,52,1.49,3485,0,52
1,United States of America,  ,2020,Out,53,100,0,0,307,0,53,0.09,326767,0,307
6,Barbados,  ,2021,Out,53,29.6875,,0,133,0,52,148.34,302,,448
3,Peru,"DEN 1,2,3",2024,Out,53,69.59863217,0.276904655,0.082,120897,142,16,520.72,33359,481,173706
6,Cayman Islands,DEN 3,2016,Out,53,1.333333333,0,0,2,0,52,263.16,57,0,150
2,El Salvador,  ,2021,Out,53,0.64325452,0.226008345,0,37,0,52,88.23,6519,13,5752
6,Haiti,  ,2019,Out,53,,,0,,0,49,0.84,11113,,93
4,Paraguay,"DEN 1,2,4",2014,Out,53,25.97363691,0.049930098,0.05,2601,5,53,144.75,6918,5,10014
3,Ecuador,"DEN 1,2",2021,Out,53,100,0.383644134,0.092,20592,19,52,115.12,17888,79,20592
6,Barbados,  ,2018,Out,53,0,0,0,0,0,52,23.43,286,0,67
2,El Salvador,"DEN 1,3,4",2024,Out,53,1.492537313,0.11055832,0,27,0,16,27.75,6519,2,1809
4,Uruguay,"DEN 1,2",2024,Out,53,100,0,0.223,449,1,17,12.88,3485,0,449
5,Latin Caribbean,  ,2020,In,53,43.23379924,4.383735705,0.572,2722,36,-,24.19,26031,276,6296
5,Latin Caribbean,  ,2017,In,53,48.48716967,4.098046725,0.115,1266,3,-,10.08,25915,107,2611
1,North America,  ,2020,In,53,100,0,0,307,0,-,0.09,326767,0,307
4,Southern Cone,  ,2021,In,53,42.04376778,0.037234229,0.024,418922,243,-,344.16,289516,371,996395
2,Belize,DEN 3,2016,Out,53,2.670176758,,,71,,52,730.49,364,,2659
4,Brazil,"DEN 1,2",2021,Out,53,42.45669285,0.038032792,0.025,414154,239,52,455.84,213993,371,975474
6,Dominica,  ,2018,Out,53,2.222222222,0,0,1,0,52,60.81,74,0,45
6,Virgin Islands (UK),  ,2017,Out,53,100,0,0,67,0,48,191.43,35,0,67
5,Cuba,  ,2023,Out,53,,,,,,-,,11317,,
6,Sint Maarten,  ,2021,Out,53,,,,,,-,,45,,
6,Curaçao,  ,2022,Out,53,,,,,,-,,152,,
6,Trinidad and Tobago,  ,2022,Out,53,5.769230769,0,0,3,0,52,3.71,1403,0,52
4,Chile,DEN 2,2020,Out,53,100,0,0,9,0,53,0.05,18197,0,9
6,Saint Martin,DEN 2,2024,Out,53,0,0,0,0,0,16,"1,421.21",33,0,469
1,Canada,  ,2022,Out,53,,,,0,0,52,,0,0,0
6,Cayman Islands,  ,2022,Out,53,50,0,0,1,0,44,3.17,63,0,2
6,Haiti,  ,2022,Out,53,0.060313631,0,0,2,0,26,28.73,11542,0,3316
1,United States of America,  ,2023,Out,53,100,0,0,156,0,52,0.05,332915,0,156
4,Brazil,"DEN 1,2,3,4",2015,Out,53,30.38020434,0.095148113,0.052,500972,863,52,809.7,203657,1569,1649008
6,Saint Lucia,  ,2018,Out,53,100,0,0,90,0,52,50,180,0,90
2,Belize,"DEN 1,2,3",2019,Out,53,61.30363036,2.99779978,0,2229,0,52,941.97,386,109,3636
5,Cuba,"DEN 2,3",2017,Out,53,100,1.522435897,0,1248,0,52,10.87,11485,19,1248
6,Dominica,  ,2021,Out,53,,,,0,0,52,0,75,0,0
4,Brazil,"DEN 1,2,3,4",2018,Out,53,38.24444223,0.069864122,0.035,176814,160,52,219.25,210868,323,462326
6,Saint Lucia,  ,2015,Out,53,100,0,0,25,0,52,15.24,164,0,25
6,Guyana,  ,2021,Out,53,100,0,0,4380,0,52,554.43,790,0,4380
2,Mexico,"DEN 1,2,3,4",2022,Out,53,21.14723455,0.6842685,0.088,12671,53,52,46,130262,410,59918
3,Bolivia,"DEN 1,2",2023,Out,53,15.25890773,0.467552018,0.056,23922,88,52,"1,324.89",11833,733,156774
6,Bahamas,  ,2023,Out,53,100,0,0.412,243,1,52,61.21,397,0,243
6,Anguilla,  ,2021,Out,53,,,,,,-,,18,,
6,Saint Vincent and the Grenadines,  ,2014,Out,53,8.547008547,0,0,10,0,53,113.59,103,0,117
6,Aruba,  ,2020,Out,53,36.36363636,0,0,4,0,48,10.38,106,0,11
5,Cuba,"DEN 1,2",2020,Out,53,100,0.070521862,,1418,,26,12.34,11489,1,1418
6,Saint Barthelemy,  ,2018,Out,53,,,,0,0,51,0,9,0,0
6,Cayman Islands,"DEN 2,3,4",2019,Out,53,20.30075188,0,0,27,0,48,221.67,60,0,133
2,Panama,"DEN 1,3",2019,Out,53,52.32377601,0.196667012,0.062,5055,6,52,232.07,4163,19,9661
6,Sint Maarten,  ,2024,Out,53,99.13043478,0,0,114,0,12,255.56,45,0,115
6,Guadeloupe,  ,2015,Out,53,19.90049751,0,0,40,0,52,42.77,470,0,201
2,Honduras,DEN 2,2017,Out,53,0,2.415181139,0,0,0,52,56.31,9265,126,5217
6,Martinique,  ,2015,Out,53,12.07729469,0,0,25,0,52,50.99,406,0,207
3,Peru,"DEN 2,4",2018,Out,53,,0.937950938,0.216,,15,52,21.29,32552,65,6930
6,Aruba,  ,2017,Out,53,1.326412918,0,,23,,52,"1,507.83",115,0,1734
4,Chile,"DEN 1,3",2017,Out,53,100,0,0,10,0,38,0.06,18055,0,10
6,Virgin Islands (US),  ,2014,Out,53,100,0,0,19,0,53,18.27,104,0,19
6,Guyana,  ,2024,Out,53,24.26298549,0,0.016,3111,2,18,"1,623.04",790,0,12822
2,Honduras,"DEN 1,2",2020,Out,53,0.297855441,7.092930898,0.04,75,10,53,274.95,9158,1786,25180
3,Ecuador,  ,2024,Out,53,100,0.41122296,0.116,23345,27,16,130.51,17888,96,23345
6,Virgin Islands (US),  ,2017,Out,53,100,0,0,1,0,52,0.98,102,0,1
2,Mexico,"DEN 1,2,3,4",2019,Out,53,16.15224728,1.326091977,0.157,43362,421,52,205.31,130759,3560,268458
6,Virgin Islands (UK),  ,2014,Out,53,28.87029289,0,0,69,0,53,724.24,33,0,239
5,Dominican Republic,"DEN 2,3,4",2015,Out,53,0,10.87517597,0.628,0,107,52,160.05,10652,1854,17048
6,Turks and Caicos Islands,  ,2015,Out,53,100,0,0,331,0,52,662,50,0,331
6,Guyana,  ,2018,Out,53,100,0,0,286,0,40,36.57,782,0,286
6,Curaçao,  ,2019,Out,53,,,,0,0,47,0,162,0,0
6,Montserrat,  ,2019,Out,53,0,0,0,0,0,44,20,5,0,1
6,Non-Latin Caribbean,  ,2023,In,53,23.31299092,0.113878588,0.036,15968,25,-,335.21,20433,78,68494
2,Central America Ithsmus and Mexico,  ,2020,In,53,12.82758255,1.313644136,0.047,29031,106,-,126.17,179368,2973,226317
5,Latin Caribbean,  ,2014,In,53,17.26634985,2.410047522,0.351,3052,62,-,69.39,25472,426,17676
4,Southern Cone,  ,2014,In,53,37.00566187,0.114825759,0.069,223660,415,-,222.25,271947,694,604394
1,North America,  ,2021,In,53,100,0.877192982,0,114,0,-,0.03,332915,1,114
6,Non-Latin Caribbean,  ,2020,In,53,31.37942951,0.106334902,0.049,23608,37,-,378.92,19855,80,75234
7,The Americas,  ,2018,In,53,28.41298279,0.469136715,0.046,215367,345,-,77.44,978863,3556,757988
7,The Americas,  ,2021,In,53,41.48160637,0.257785768,0.034,526514,437,-,127.86,992730,3272,1269271
7,The Americas,  ,2024,In,53,43.6470622,0.094694907,0.04,2885839,2639,-,700.68,943625,6261,6611760
6,Cayman Islands,  ,2021,Out,53,0,0,0,0,0,28,1.59,63,0,1
6,"Bonaire, Saint Eustatius and Saba",  ,2020,Out,53,,,,0,0,53,0,26,0,0
3,Ecuador,"DEN 1,2,3,4",2015,Out,53,3.383325878,0.131848468,0.019,1437,8,52,261.76,16226,56,42473
6,Anguilla,  ,2018,Out,53,0,0,0,0,0,52,5.88,17,0,1
6,Barbados,  ,2017,Out,53,13.73534338,0,0,82,0,52,204.45,292,0,597
2,Costa Rica,"DEN 1,2,3,4",2024,Out,53,5.375414325,0,0,373,0,13,131.87,5262,0,6939
6,Haiti,  ,2016,Out,53,,,,,,-,,10848,,
1,North America,  ,2024,In,53,100,1.956947162,0,511,0,-,0.15,332915,10,511
4,Southern Cone,  ,2017,In,53,30.93720328,0.055748388,0.028,157049,144,-,180.09,281882,283,507638
2,Central America Ithsmus and Mexico,  ,2023,In,53,15.0356436,0.338181888,0.063,93900,393,-,341.48,182887,2112,624516
6,Cayman Islands,DEN 3,2018,Out,53,8.333333333,0,0,2,0,52,40,60,0,24
6,Trinidad and Tobago,"DEN 1,3",2016,Out,53,0.499722376,0,0,9,0,48,131.94,1365,0,1801
6,Aruba,  ,2019,Out,53,6.603773585,0,0,7,0,44,100,106,0,106
6,Virgin Islands (UK),  ,2021,Out,53,100,0,0,14,0,48,36.84,38,0,14
6,Bermuda,  ,2021,Out,53,,,,0,0,48,0,72,0,0
4,Brazil,"DEN 1,2,3,4",2014,Out,53,37.31119307,0.116566285,0.069,220539,410,53,292.56,202034,689,591080
2,Belize,DEN 2,2017,Out,53,1.905347265,0.12292563,0,31,0,52,438.54,371,2,1627
6,Cayman Islands,"DEN 2,3,4",2015,Out,53,15,0,0,6,0,52,71.43,56,0,40
4,Paraguay,"DEN 1,2,4",2015,Out,53,7.658917439,0.018936083,0.007,5258,5,52,976.14,7033,13,68652
6,Saint Kitts and Nevis,  ,2015,Out,53,20,0,0,1,0,24,9.62,52,0,5
6,Bahamas,"DEN 1,2",2014,Out,53,9.589041096,0,0,14,0,53,38.12,383,0,146
3,Bolivia,"DEN 1,2",2022,Out,53,26.36605416,0.380802708,0.06,4362,10,52,139.81,11833,63,16544
6,Saint Barthelemy,  ,2022,Out,53,1.075268817,0,0,1,0,49,"1,328.57",7,0,93
1,United States of America,  ,2022,Out,53,100,1.557093426,0,1156,0,52,0.35,332915,18,1156
2,Belize,  ,2023,Out,53,41.88388626,0.177725118,0,707,0,52,417.82,404,3,1688
2,Nicaragua,"DEN 1,2,3,4",2022,Out,53,4.633948801,0.035882347,0,4520,0,52,"1,455.40",6702,35,97541
1,Canada,  ,2024,Out,53,,,,0,0,17,,0,0,0
6,Virgin Islands (UK),  ,2018,Out,53,95,0,0,57,0,52,214.29,28,0,60
1,United States of America,  ,2019,Out,53,100,1.813471503,0,1158,0,52,0.35,326767,21,1158
6,Bahamas,  ,2020,Out,53,0,0,0,0,0,24,0.75,399,0,3
6,Turks and Caicos Islands,  ,2016,Out,53,100,0,0,484,0,52,949.02,51,0,484
6,Curaçao,  ,2016,Out,53,,,,0,0,52,0,150,0,0
6,Sint Maarten,  ,2015,Out,53,100,0,0,13,0,48,31.71,41,0,13
6,Sint Maarten,  ,2018,Out,53,17.24137931,0,0,5,0,12,67.44,43,0,29
4,Chile,DEN 1,2019,Out,53,96.55172414,0,0,28,0,52,0.16,18197,0,29
2,Guatemala,"DEN 1,2,3,4",2024,Out,53,8.639618138,0.15115354,0.072,1086,9,14,68.88,18250,19,12570
2,Panama,"DEN 1,2",2018,Out,53,54.29254784,0.201409869,0.038,4313,3,52,190.82,4163,16,7944
6,Dominica,  ,2015,Out,53,28.94736842,0,0,11,0,52,51.35,74,0,38
6,Anguilla,  ,2015,Out,53,25,0,0,2,0,52,50,16,0,8
6,Suriname,"DEN 2,4",2020,Out,53,49.20071048,0,0,277,0,53,99.12,568,0,563
2,Belize,"DEN 1,3",2020,Out,53,20.8606174,0,0,223,0,53,272.01,393,0,1069
2,Belize,"DEN 1,3",2020,Out,53,20.8606174,0,0,223,0,53,272.01,393,0,1069
2,El Salvador,DEN 2,2017,Out,53,5.399115662,0.162904352,0,232,0,52,67.37,6378,7,4297
6,Suriname,"DEN 2,3",2023,Out,53,94.98207885,1.075268817,1.075,265,3,52,47.13,592,3,279
6,Bahamas,  ,2017,Out,53,0,0,0,0,0,52,3.54,395,0,14
6,"Bonaire, Saint Eustatius and Saba",  ,2023,Out,53,,,,,,-,,26,,
2,El Salvador,DEN 2,2020,Out,53,0.71559633,0.165137615,0,39,0,53,85,6412,9,5450
6,Trinidad and Tobago,"DEN 1,3",2019,Out,53,1.923076923,0,0,8,0,48,30.3,1373,0,416
6,Montserrat,DEN 2,2023,Out,53,100,0,0,6,0,48,120,5,0,6
2,Panama,"DEN 1,2",2021,Out,53,58.48032565,0.162822252,0.054,2155,2,52,84.09,4382,6,3685
3,Colombia,  ,2024,Out,53,64.05386125,0.919386481,0.033,71830,37,16,218.74,51266,1031,112140
2,El Salvador,  ,2023,Out,53,0.863856254,0.051831375,0,50,0,50,88.79,6519,3,5788
4,Chile,DEN 1,2016,Out,53,0,0,0,0,0,52,0.18,18132,0,33
3,Bolivia,"DEN 1,2",2019,Out,53,36.78891279,0.510331716,0.15,7353,30,52,178.2,11216,102,19987
2,Nicaragua,DEN 2,2019,Out,53,5.686646291,0.649933127,0.016,10587,30,52,"2,962.18",6285,1210,186173
6,Virgin Islands (UK),  ,2015,Out,53,100,,,103,,40,312.12,33,,103
3,Peru,"DEN 1,2,3,4",2019,Out,53,,0.95082541,0.216,,37,52,52.66,32552,163,17143
6,Saint Barthelemy,  ,2019,Out,53,18.18181818,0,0,2,0,49,122.22,9,0,11
6,French Guiana,"DEN 1,2,4",2015,Out,53,13.7149443,0,0,357,0,52,993.51,262,0,2603
3,Ecuador,DEN 1,2018,Out,53,4.227170055,0.193610842,0.032,131,1,52,18.38,16863,6,3099
2,Honduras,"DEN 1,2",2019,Out,53,0.136216069,14.71663274,0.136,180,180,52,"1,442.92",9158,19447,132143
6,French Guiana,  ,2018,Out,53,0,0,0,0,0,26,82.76,290,0,240
5,Cuba,"DEN 2,3",2016,Out,53,100,1.579520697,0,1836,0,52,16.12,11393,29,1836
2,Honduras,DEN 2,2016,Out,53,0.330996037,1.363181046,0.013,76,3,52,280.35,8190,313,22961
2,Mexico,"DEN 1,2,3,4",2016,Out,53,13.68119998,0.619671098,0.026,17795,34,52,101.12,128632,806,130069
6,Aruba,  ,2016,Out,53,7.808946171,0,0,103,0,52,"1,157.02",114,0,1319
5,Cuba,"DEN 1,2",2019,Out,53,90.05830009,0.092052777,0,2935,0,52,28.37,11489,3,3259
2,Guatemala,"DEN 1,2,3,4",2021,Out,53,31.6322964,0.559245019,0.21,905,6,52,15.68,18250,16,2861
6,Antigua and Barbuda,  ,2022,Out,53,0,0,0,0,0,52,48.48,99,0,48
6,Guyana,DEN 3,2022,Out,53,100,0,0,382,0,48,48.35,790,0,382
3,Peru,"DEN 1,2",2022,Out,53,73.76151323,0.314340229,0.115,53736,84,52,218.38,33359,229,72851
4,Uruguay,  ,2022,Out,53,25,0,0,20,0,52,2.3,3485,0,80
5,Puerto Rico,"DEN 1,2,3",2024,Out,53,85.53672316,5.988700565,0,757,0,16,31.29,2828,53,885
4,Argentina,"DEN 1,2,3",2024,Out,53,43.47506821,0.228522957,0.072,137356,228,15,692.76,45606,722,315942
6,Barbados,DEN 1,2014,Out,53,18.22238751,0.074377092,0,490,0,53,927.24,290,2,2689
3,Colombia,"DEN 1,2,3,4",2021,Out,53,55.00056249,1.796227547,0.081,29334,43,52,104.03,51266,958,53334
2,Guatemala,"DEN 1,2,3,4",2018,Out,53,31.50805271,1.142020498,0.322,2152,22,52,39.61,17245,78,6830
1,Canada,  ,2021,Out,53,,,,0,0,52,,0,0,0
6,Barbados,  ,2020,Out,53,8.062130178,0.369822485,0.074,109,1,53,472.73,286,5,1352
4,Brazil,"DEN 1,2,3,4",2017,Out,53,30.9099258,0.054627612,0.029,156169,144,52,241.41,209288,276,505239
2,Costa Rica,"DEN 1,2",2021,Out,53,4.831851566,0.057982219,0,250,0,52,100.68,5139,3,5174
6,Bermuda,  ,2024,Out,53,,,,0,0,4,0,72,0,0
6,French Guiana,"DEN 1,2,3",2021,Out,53,18.84965831,,0,331,0,17,573.86,306,,1756
2,Panama,"DEN 1,2,3",2015,Out,53,50.94496366,0.290758048,0.083,2453,4,52,120.74,3988,14,4815
6,Saint Vincent and the Grenadines,  ,2015,Out,53,100,0,0,13,0,52,12.62,103,0,13
6,Saint Barthelemy,"DEN 1,2",2020,Out,53,55.01237624,0,0,889,0,53,"17,955.56",9,0,1616
6,Dominica,"DEN 2,3",2020,Out,53,15.90909091,1.136363636,0,14,0,53,118.92,74,1,88
6,Guyana,  ,2017,Out,53,0,0,0,0,0,50,0.51,778,0,4
1,North America,  ,2019,In,53,100,1.813471503,0,1158,0,-,0.35,326767,21,1158
4,Southern Cone,  ,2022,In,53,51.08995559,0.062401233,0.042,1211725,991,-,818.56,289745,1480,2371748
1,North America,  ,2016,In,53,100,0,0,990,0,-,0.31,324119,0,990
5,Latin Caribbean,  ,2016,In,53,23.17030871,7.746560296,0.451,2004,39,-,33.62,25723,670,8649
3,Andean Subregion,  ,2015,In,53,35.03525322,0.768734986,0.115,89692,295,-,183.87,139234,1968,256005
4,Southern Cone,  ,2019,In,53,57.15465867,0.066088539,0.038,1293770,849,-,803.42,281748,1496,2263630
5,Latin Caribbean,  ,2019,In,53,28.19540866,1.409770433,0.226,6620,53,-,90.2,26031,331,23479
3,Andean Subregion,  ,2018,In,53,9.785580306,0.929274602,0.085,7982,69,-,57.25,142477,758,81569
7,The Americas,  ,2019,In,53,44.4628187,0.886941029,0.057,1414533,1823,-,325.88,976239,28217,3181384
7,The Americas,  ,2016,In,53,41.59059165,0.155467415,0.034,1203571,980,-,299.81,965223,4499,2893854
6,Anguilla,"DEN 1,3",2020,Out,53,33.33333333,0,0,2,0,32,35.29,17,0,6
6,Haiti,  ,2021,Out,53,0.301683074,0,0,19,0,50,54.57,11542,0,6298
6,Montserrat,  ,2021,Out,53,0,0,0,0,0,49,60,5,0,3
4,Brazil,"DEN 1,2,3,4",2019,Out,53,57.40808603,0.066130919,0.037,1290861,840,52,"1,078.48",208495,1487,2248570
2,Honduras,"DEN 1,2,3,4",2024,Out,53,5.744858466,1.13834712,0.076,757,10,15,130.95,10063,150,13177
6,Martinique,"DEN 1,2,3",2016,Out,53,8.227848101,0,0,13,0,51,39.9,396,0,158
6,Virgin Islands (US),  ,2018,Out,53,,,,0,0,52,0,105,0,0
6,Haiti,  ,2018,Out,53,1.111111111,,0,1,0,52,0.81,11113,,90
6,Curaçao,  ,2018,Out,53,,,,0,0,52,0,162,0,0
6,Dominica,DEN 4,2014,Out,53,4.761904762,0,0,9,0,53,258.9,73,0,189
6,Saint Barthelemy,  ,2014,Out,53,100,0,0,56,0,48,160,35,0,56
6,Saint Lucia,DEN 4,2014,Out,53,53.89221557,0,0,90,0,53,102.45,163,0,167
2,Mexico,"DEN 1,2,3,4",2015,Out,53,12.14291895,2.488239607,0.019,26665,42,52,175.34,125236,5464,219593
3,Peru,"DEN 1,2,3,4",2014,Out,53,61.03555112,0.498870976,0.163,11623,31,53,61.89,30769,95,19043
5,Puerto Rico,"DEN 1,2,3,4",2015,Out,53,3.053026245,0,0,57,0,52,50.73,3680,0,1867
2,Belize,DEN 2,2015,Out,53,13.06173877,4.871902562,0,311,0,52,668.82,356,116,2381
5,Cuba,"Den 1,2",2021,Out,53,,,,,,52,10.25,11317,,1160
6,Cayman Islands,DEN 2,2020,Out,53,2.857142857,0,0,1,0,53,58.33,60,0,35
6,Sint Maarten,  ,2020,Out,53,100,0,0,9,0,53,20.93,43,0,9
6,Aruba,  ,2018,Out,53,100,0,0,9,0,52,8.49,106,0,9
3,Peru,"DEN 1,2",2020,Out,53,63.19998581,0.216335071,0.156,35641,88,53,173.24,32552,122,56394
6,Curaçao,  ,2021,Out,53,,,,,,-,,152,,
3,Ecuador,"DEN 1,2",2023,Out,53,100,0.402327753,0.119,27838,33,52,155.62,17888,112,27838
4,Uruguay,  ,2023,Out,53,100,0,0,48,0,52,1.38,3485,0,48
6,Saint Kitts and Nevis,  ,2024,Out,53,16.10738255,0,0,24,0,17,275.93,54,0,149
2,El Salvador,"DEN 1,2,3,4",2022,Out,53,0.58034095,0.078587837,0,96,0,52,253.75,6519,13,16542
6,Aruba,  ,2024,Out,53,18.75,0,0,3,0,12,13.22,121,0,16
2,Guatemala,"DEN 1,2,3,4",2023,Out,53,10.06384919,0.216976699,0.164,7282,119,52,396.48,18250,157,72358
6,Saint Martin,  ,2023,Out,53,11.71383648,0,0,149,0,52,"3,854.55",33,0,1272
4,Chile,DEN 1,2024,Out,53,100,0,0,115,0,17,0.6,19212,0,115
6,Montserrat,  ,2018,Out,53,0,0,0,0,0,52,20,5,0,1
5,Dominican Republic,  ,2016,Out,53,0,9.64635064,0.587,0,39,52,62.4,10649,641,6645
6,Guadeloupe,DEN 1,2016,Out,53,9.604519774,0,0,17,0,51,37.58,471,0,177
6,Barbados,  ,2019,Out,53,0,0,0,0,0,52,40.91,286,0,117
6,Sint Maarten,  ,2017,Out,53,,,,0,0,16,0,42,0,0
6,Saint Barthelemy,  ,2017,Out,53,0,0,0,0,0,46,611.11,9,0,55
6,Virgin Islands (US),  ,2015,Out,53,100,0,0,3,0,52,2.88,104,0,3
2,Honduras,"DEN 1,2,3",2018,Out,53,,14.75698816,0.038,,3,52,84.34,9417,1172,7942
6,Saint Martin,"DEN 1,2,3",2020,Out,53,17.83625731,0.036549708,0.037,488,1,53,"8,550.00",32,1,2736
2,Mexico,"DEN 1,2,3,4",2018,Out,53,16.16107656,1.091311482,0.057,12706,45,52,60.13,130759,858,78621
3,Peru,"DEN 1,2,3,4",2017,Out,53,35.79961363,0.329859514,0.1,27241,76,52,236.57,32165,251,76093
4,Uruguay,  ,2017,Out,53,,,,0,0,52,0,3457,0,0
6,Bahamas,  ,2022,Out,53,,,,,,-,,397,,
6,Trinidad and Tobago,  ,2021,Out,53,0,0,0,0,0,49,1.43,1403,0,20
4,Brazil,"DEN 1,2,3,4",2022,Out,53,51.22763371,0.061349953,0.042,1210760,991,52,"1,104.47",213993,1450,2363490
2,Nicaragua,  ,2024,Out,53,6.217198224,0.005767345,0,1078,0,5,258.71,6702,1,17339
6,Trinidad and Tobago,"DEN 2,3",2024,Out,53,51.72413793,0,0,45,0,5,6.2,1403,0,87
4,Argentina,"DEN 1,4",2015,Out,53,25.30372853,0.062840385,0,1208,0,52,11.32,42155,3,4774
6,French Guiana,"DEN 1,2,3",2020,Out,53,48.94394337,0.125585112,0.046,4287,4,50,"3,020.34",290,11,8759
6,Guyana,  ,2020,Out,53,100,0,0,1724,0,53,220.46,782,0,1724
2,Honduras,"DEN 1,2,4",2021,Out,53,,5.270085557,0.041,,8,52,196.29,10063,1041,19753
2,Mexico,"DEN 1,2,3,4",2021,Out,53,18.36045942,0.816504273,0.106,6746,39,52,28.21,130262,300,36742
6,Aruba,  ,2021,Out,53,100,0,0,4,0,44,3.31,121,0,4
6,Barbados,  ,2022,Out,53,0,,0,0,0,52,112.25,302,,339
6,Grenada,  ,2022,Out,53,44.05594406,2.447552448,0,126,0,52,250.88,114,7,286
6,Anguilla,DEN 2,2023,Out,53,100,0,0,1,0,52,5.56,18,0,1
2,Panama,"DEN 1,2,3,4",2023,Out,53,79.22481361,0.234180845,0.086,16577,18,52,469.46,4457,49,20924
6,Sint Maarten,  ,2023,Out,53,100,0,0,1,0,36,2.22,45,0,1
6,French Guiana,"DEN 2,3",2023,Out,53,100,0,0,2684,0,52,877.12,306,0,2684
6,Cayman Islands,  ,2023,Out,53,100,0,0,42,0,52,66.67,63,0,42
1,United States of America,  ,2024,Out,53,100,1.956947162,0,511,0,17,0.15,332915,10,511
6,Dominica,  ,2017,Out,53,0,0,0,0,0,28,44.59,74,0,33
3,Ecuador,"DEN 1,2",2020,Out,53,,0.255639098,0.03,,6,53,118.31,16863,51,19950
3,Bolivia,"DEN 1,2",2024,Out,53,21.88929191,0.449455922,0.035,5552,9,15,214.35,11833,114,25364
4,Chile,  ,2021,Out,53,,,,0,0,52,0,19212,0,0
4,Chile,DEN 1,2018,Out,53,100,0,0,18,0,52,0.1,18197,0,18
6,Virgin Islands (UK),  ,2016,Out,53,108,0,0,108,0,52,294.12,34,0,100
6,Bahamas,  ,2019,Out,53,0,0,0,0,0,44,6.77,399,0,27
2,Belize,DEN 2,2018,Out,53,5.446293495,,0,72,0,52,349.74,378,,1322
4,Uruguay,DEN 1,2020,Out,53,100,0,0,4,0,53,0.12,3470,0,4
6,Haiti,"DEN 1,2,3,4",2015,Out,53,10,0,0,13,0,52,1.23,10604,0,130
2,El Salvador,"DEN 1,2,3",2014,Out,53,30.2020202,0.344182566,0.011,16146,6,53,837.41,6384,184,53460
6,Trinidad and Tobago,DEN 1,2015,Out,53,1.363366924,0,0.178,23,3,52,125.24,1347,0,1687
6,Anguilla,"DEN 1,4",2014,Out,53,9.302325581,0,0,8,0,53,537.5,16,0,86
4,Paraguay,"DEN 1, 4",2018,Out,53,10.55038784,,0.046,3414,15,52,469.18,6897,,32359
6,Non-Latin Caribbean,  ,2014,In,53,42.74862481,0.261940103,0.026,4896,3,-,59.44,19268,30,11453
2,Central America Ithsmus and Mexico,  ,2017,In,53,12.33682198,0.317898434,0.033,22974,62,-,105.02,177314,592,186223
6,Non-Latin Caribbean,  ,2017,In,53,13.98188263,0.748326113,0.118,710,6,-,25.77,19702,38,5078
2,Central America Ithsmus and Mexico,  ,2014,In,53,18.76395146,3.87258682,0.024,55479,72,-,174.24,169686,11450,295668
6,Antigua and Barbuda,  ,2021,Out,53,0,0,0,0,0,52,25.25,99,0,25
3,Ecuador,"DEN 1,2,3,4",2014,Out,53,100,0.431395274,0.077,15531,12,53,97.17,15983,67,15531
4,Uruguay,  ,2014,Out,53,,,,0,0,53,0,3419,0,0
6,"Bonaire, Saint Eustatius and Saba",  ,2019,Out,53,,,,0,0,47,0,26,0,0
1,Canada,  ,2015,Out,53,,,,0,0,52,,0,0,0
6,Montserrat,  ,2015,Out,53,,,,0,0,52,0,5,0,0
5,Puerto Rico,  ,2018,Out,53,,,,0,0,52,0,3659,0,0
6,French Guiana,  ,2017,Out,53,0,0,0,0,0,37,220.85,283,0,625
4,Paraguay,"DEN 1,2,4",2021,Out,53,4.699059005,,0.024,794,4,52,234.03,7220,,16897
6,Suriname,  ,2022,Out,53,100,0,0,17,0,52,2.87,592,0,17
6,Turks and Caicos Islands,  ,2022,Out,53,0,0,0,0,0,52,5.26,57,0,3
3,Venezuela,"DEN 1,2,3,4",2015,Out,53,25.55214951,0.520756389,0.166,13837,90,52,173.05,31293,282,54152
6,Antigua and Barbuda,"DEN 1,2",2024,Out,53,14.63414634,0,0,6,0,12,41.41,99,0,41
6,Turks and Caicos Islands,DEN 1,2019,Out,53,5.263157895,0,0,1,0,40,67.86,28,0,19
6,Virgin Islands (US),  ,2021,Out,53,,,,0,0,52,0,106,0,0
2,Nicaragua,DEN 2,2021,Out,53,1.401703819,0.05987861,0,515,0,52,548.21,6702,22,36741
6,Bahamas,  ,2016,Out,53,1.219512195,0,0,1,0,52,20.87,393,0,82
6,Suriname,DEN 4,2019,Out,53,48.8372093,0,0,42,0,52,15.14,568,0,86
6,Grenada,  ,2019,Out,53,100,0,0,106,0,32,98.15,108,0,106
6,Guadeloupe,"DEN 1,2",2019,Out,53,21.73374613,0,0,702,0,50,719.38,449,0,3230
6,Trinidad and Tobago,DEN 3,2018,Out,53,4.06504065,0,0,5,0,52,8.96,1373,0,123
5,Dominican Republic,DEN 2,2022,Out,53,,2.587166172,0.362,,39,52,98.45,10954,279,10784
3,Colombia,"DEN 1,2,3,4",2023,Out,53,72.52397863,1.300613125,0.068,95575,90,52,257.06,51266,1714,131784
3,Venezuela,"DEN 1,2,3",2021,Out,53,4.438069524,0.489368883,0.135,263,8,52,20.64,28705,29,5926
6,Saint Kitts and Nevis,  ,2018,Out,53,16.66666667,0,0,1,0,52,13.64,44,0,6
3,Bolivia,"DEN 1,2,4",2016,Out,53,13.62625826,0.188352992,0.006,4413,2,52,297.45,10888,61,32386
6,Martinique,"DEN 1,2,3",2019,Out,53,11.11111111,0,0,170,0,50,397.4,385,0,1530
6,Sint Maarten,  ,2014,Out,53,77.41935484,0,0,24,0,53,77.5,40,0,31
5,Dominican Republic,"DEN 1,2,3",2019,Out,53,18.07461725,1.62513006,0.263,3648,53,52,185.45,10883,328,20183
3,Venezuela,"DEN 1,2,3",2018,Out,53,12.7628413,0.528297939,0.126,2440,24,52,59.04,32381,101,19118
2,Guatemala,"DEN 1,2,3,4",2017,Out,53,34.12434741,1.518747034,0.57,1438,24,52,24.91,16914,64,4214
1,United States of America,  ,2016,Out,53,100,0,0,990,0,52,0.31,324119,0,990
4,Argentina,DEN 1,2018,Out,53,64.2427556,0.164024057,0,1175,0,52,4.09,44689,3,1829
6,Guyana,DEN 4,2014,Out,53,100,0,0,863,0,48,107.34,804,0,863
6,Saint Martin,  ,2014,Out,53,100,0.247524752,0,404,0,48,"1,262.50",32,1,404
6,Jamaica,"DEN 3,4",2016,Out,53,8.271658685,6.965607314,0.087,190,2,52,81.95,2803,160,2297
2,Nicaragua,"DEN 2,3",2015,Out,53,8.275554474,0.030409926,0.03,4082,15,52,788.33,6257,15,49326
6,Jamaica,"DEN 2,3",2019,Out,53,1.81336863,0.039708802,0.318,137,24,52,260.61,2899,3,7555
6,"Bonaire, Saint Eustatius and Saba",  ,2022,Out,53,,,,,,-,,26,,
5,Puerto Rico,"DEN 1,2",2021,Out,53,90.09433962,11.94968554,0.314,573,2,52,22.49,2828,76,636
4,Argentina,"DEN 1,2,4",2021,Out,53,100,0,0,3972,0,52,8.71,45606,0,3972
3,Colombia,"DEN 1,2,3,4",2020,Out,53,22.032439,1.135744945,0.07,17401,55,53,159.67,49465,897,78979
2,Guatemala,"DEN 1,2,3,4",2020,Out,53,14.50777202,0.300852415,0.167,868,10,53,34.69,17245,18,5983
6,Saint Kitts and Nevis,  ,2021,Out,53,,,,0,0,48,0,54,0,0
6,Saint Vincent and the Grenadines,  ,2021,Out,53,100,0,0,152,0,52,150.5,101,0,152
6,Jamaica,  ,2022,Out,53,0,0,0,0,0,52,3.36,2973,0,100
6,Martinique,  ,2022,Out,53,2.777777778,0,0,10,0,49,96,375,0,360
2,Guatemala,"DEN 1,2,3,4",2014,Out,53,9.541849775,0.585947366,0.066,1889,13,53,124.82,15860,116,19797
6,Curaçao,  ,2015,Out,53,,,,0,0,49,0,150,0,0
2,Nicaragua,DEN 2,2018,Out,53,3.5798182,,0.01,2103,6,52,934.7,6285,,58746
6,Saint Vincent and the Grenadines,  ,2018,Out,53,100,0,0,4,0,52,3.64,110,0,4
6,Guadeloupe,  ,2022,Out,53,3.670886076,0,0,29,0,49,197.5,400,0,790
6,Saint Vincent and the Grenadines,  ,2024,Out,53,100,0,0,2,0,12,1.98,101,0,2
6,Bermuda,  ,2023,Out,53,100,0,0,1,0,48,1.39,72,0,1
6,Virgin Islands (US),  ,2024,Out,53,,,,0,0,17,0,106,0,0
4,Paraguay,"DEN 1,2",2024,Out,53,12.92756797,0,0.028,32824,70,17,"3,361.23",7554,0,253907
3,Ecuador,"DEN 1,4",2017,Out,53,100,0.158074998,0.035,11387,4,52,68.49,16625,18,11387
6,Bermuda,  ,2020,Out,53,,,,0,0,53,0,71,0,0
2,Costa Rica,"DEN 1,2,3",2015,Out,53,0,0.034494653,0,0,0,52,347.74,5002,6,17394
6,Anguilla,  ,2017,Out,53,9.090909091,0,,2,,52,129.41,17,0,22
6,Saint Martin,  ,2017,Out,53,0,0,0,0,0,46,615.63,32,0,197
6,French Guiana,"DEN 1,2,4",2014,Out,53,66.18644068,0.593220339,0,781,0,47,462.75,255,7,1180
1,Canada,  ,2018,Out,53,,,,0,0,52,,0,0,0
6,Grenada,DEN 1,2016,Out,53,50.33112583,0,0,76,0,52,136.04,111,0,151
2,Costa Rica,"DEN 1,2",2018,Out,53,9.689213894,0,0,265,0,52,55.22,4953,0,2735
6,Sint Maarten,  ,2022,Out,53,,,,,,-,,45,,
3,Andean Subregion,  ,2017,In,53,36.49373201,0.70829081,0.086,47917,113,-,93.2,140885,930,131302
5,Latin Caribbean,  ,2021,In,53,11.58426561,4.853843378,0.505,642,28,-,22.08,25099,269,5542
3,Andean Subregion,  ,2020,In,53,24.88157986,0.65730035,0.075,68024,204,-,191.88,142477,1797,273391
5,Latin Caribbean,  ,2024,In,53,17.80533458,1.251754796,0,1522,0,-,62.02,13782,107,8548
1,North America,  ,2014,In,53,100,0,0,668,0,-,0.21,322583,0,668
4,Southern Cone,  ,2024,In,53,43.03525036,0.06309751,0.039,2630642,2372,-,"2,108.94",289850,3857,6112761
3,Andean Subregion,  ,2023,In,53,63.76076529,0.609809349,0.111,379652,660,-,416.24,143051,3631,595432
7,The Americas,  ,2014,In,53,30.96091965,1.350506334,0.058,366394,683,-,125.05,946337,15982,1183408
4,Uruguay,  ,2018,Out,53,,,,0,0,52,0,3470,0,0
6,Grenada,  ,2017,Out,53,100,0,0,239,0,52,213.39,112,0,239
6,Saint Martin,  ,2015,Out,53,8.027522936,0,0,35,0,50,"1,362.50",32,0,436
6,Antigua and Barbuda,  ,2018,Out,53,87.5,0,0,7,0,52,7.77,103,0,8
6,Guadeloupe,DEN 1,2018,Out,53,3.196347032,0,0,14,0,51,97.55,449,0,438
3,Venezuela,"DEN 1,2,3,4",2014,Out,53,0.079973494,0.252487747,0,70,0,53,283.72,30851,221,87529
6,Jamaica,"DEN 2,4",2023,Out,53,18.75305624,0,0.073,1534,6,52,275.14,2973,0,8180
6,Bahamas,  ,2024,Out,53,,,,0,0,6,0,397,0,0
6,Grenada,  ,2023,Out,53,0,0.636942675,0.159,0,1,52,550.88,114,4,628
2,Mexico,"DEN 1,2,3,4",2023,Out,53,19.57310865,0.594683465,0.073,54406,203,52,211.81,131230,1653,277963
6,Dominica,  ,2022,Out,53,100,0,0,3,0,52,4,75,0,3
2,Honduras,"DEN 1,2,3,4",2023,Out,53,5.961820852,0.669603524,0.144,2030,49,52,338.37,10063,228,34050
6,Saint Lucia,  ,2022,Out,53,100,0,0,15,0,52,8.98,167,0,15
6,Saint Vincent and the Grenadines,  ,2022,Out,53,100,0,0,16,0,52,15.84,101,0,16
6,Martinique,  ,2018,Out,53,0,0,0,0,0,5,18.96,385,0,73
4,Argentina,"DEN 1,4",2014,Out,53,14.98470948,0,0,490,0,53,7.82,41803,0,3270
6,Saint Lucia,DEN 1,2016,Out,53,40.81632653,0,0,80,0,52,119.51,164,0,196
6,Suriname,DEN 1,2016,Out,53,16.66666667,0,0,1,0,52,1.09,548,0,6
6,Saint Lucia,  ,2019,Out,53,100,0,0,20,0,52,11.11,180,0,20
6,Dominica,DEN 3,2019,Out,53,4.409005629,1.125703565,0.094,47,1,52,"1,440.54",74,12,1066
6,Antigua and Barbuda,  ,2015,Out,53,100,0,0,14,0,52,15.22,92,0,14
3,Peru,"DEN 1,2,3,4",2015,Out,53,90.71908921,0.343220694,0.114,32511,41,52,115.01,31161,123,35837
4,Uruguay,  ,2015,Out,53,0,0,0,0,0,52,0.38,3430,0,13
5,Puerto Rico,  ,2017,Out,53,,,,0,0,52,0,3663,0,0
6,Barbados,"DEN 2,3",2024,Out,53,90.31914894,0,0,849,0,10,311.26,302,0,940
3,Venezuela,DEN 1,2017,Out,53,18.43296576,4.167150319,0.186,1588,16,52,26.94,31977,359,8615
6,Saint Kitts and Nevis,  ,2022,Out,53,0,0,0,0,0,48,1.85,54,0,1
4,Chile,  ,2023,Out,53,,,,0,0,52,0,19212,0,0
3,Colombia,"DEN 1,2,3",2017,Out,53,26.8311976,0.933396614,0.059,6784,15,52,51.53,49066,236,25284
4,Argentina,"DEN 1,2,4",2020,Out,53,98.41133461,0.146568281,0.032,58415,19,48,132.82,44689,87,59358
6,Virgin Islands (US),  ,2020,Out,53,,,,0,0,53,0,105,0,0
6,Montserrat,  ,2016,Out,53,0,0,0,0,0,48,500,5,0,25
6,Saint Kitts and Nevis,  ,2019,Out,53,2.173913043,0,0,1,0,48,104.55,44,0,46
6,Jamaica,  ,2020,Out,53,1.670378619,,0.111,15,1,53,30.98,2899,,898
6,Saint Martin,DEN 1,2021,Out,53,,0,0,,0,11,521.21,33,0,172
6,Virgin Islands (US),  ,2023,Out,53,,,,0,0,52,0,106,0,0
6,Bermuda,  ,2017,Out,53,,,,0,0,52,0,71,0,0
2,Costa Rica,"DEN 1,2,3",2014,Out,53,,0.035906643,0,,0,53,225.6,4938,4,11140
3,Colombia,"DEN 1,2,3,4",2014,Out,53,44.40472332,2.425561473,0.082,47946,88,53,220.67,48930,2619,107975
6,Guadeloupe,DEN 2,2021,Out,53,,0,0,,0,3,135,400,0,540
6,Martinique,"DEN 1,2,3",2021,Out,53,4.193849021,0,0,45,0,11,286.13,375,0,1073
4,Paraguay,"DEN 1,2",2022,Out,53,2.625201939,0.350026925,0,195,0,52,99.72,7449,26,7428
6,Turks and Caicos Islands,"DEN 2,3",2023,Out,53,58.79120879,0,0,107,0,44,319.3,57,0,182
4,Brazil,"DEN 1,2,3,4",2024,Out,53,44.38367999,0.056564474,0.037,2459898,2073,17,"2,589.97",213993,3135,5542348
6,Curaçao,  ,2023,Out,53,,,,,,-,,152,,
6,Haiti,  ,2023,Out,53,,,,,,-,,11542,,
6,Aruba,  ,2023,Out,53,59.09090909,0,0,13,0,48,18.18,121,0,22
4,Argentina,"DEN 1,3",2017,Out,53,45.60143627,1.256732496,0,254,0,52,1.26,44271,7,557
6,Grenada,DEN 3,2020,Out,53,67.58893281,1.581027668,0,171,0,53,234.26,108,4,253
6,Bermuda,  ,2014,Out,53,100,0,0,1,0,53,1.43,70,0,1
2,Mexico,"DEN 1,2,3,4",2020,Out,53,20.15351586,0.876996659,0.065,24313,79,53,92.26,130759,1058,120639
5,Dominican Republic,"DEN 1,2",2018,Out,53,7.83055199,7.124518614,0.064,122,1,52,14.32,10883,111,1558
5,Dominican Republic,  ,2021,Out,53,1.841964762,5.152162306,0.694,69,26,52,34.2,10954,193,3746
1,Canada,  ,2014,Out,53,,,,0,0,53,,0,0,0
5,Puerto Rico,"DEN 1,2,4",2014,Out,53,5.968468468,0.022522523,0,530,0,53,241.04,3684,2,8880
6,Guyana,  ,2015,Out,53,100,0,0,388,0,52,48.02,808,0,388
6,Saint Barthelemy,  ,2015,Out,53,6.775700935,0,0,29,0,52,"4,755.56",9,0,428
6,Saint Martin,DEN 1,2018,Out,53,8.653846154,0,0,9,0,52,325,32,0,104
5,Puerto Rico,  ,2020,Out,53,93.10722101,3.282275711,0,851,0,53,24.98,3659,30,914
2,El Salvador,DEN 2,2019,Out,53,2.795777212,0.385875501,0.051,768,14,52,428.42,6412,106,27470
6,Anguilla,  ,2022,Out,53,,,,,,-,,18,,
6,French Guiana,  ,2022,Out,53,,,,,,-,,306,,
2,Central America Ithsmus and Mexico,  ,2022,In,53,12.17823402,0.407347761,0.036,28282,83,-,127.79,181730,946,232234
6,Non-Latin Caribbean,  ,2019,In,53,11.66566446,0.090198437,0.15,1940,25,-,83.76,19855,15,16630
6,Non-Latin Caribbean,  ,2022,In,53,10.75359865,0.152413209,0,635,0,-,28.9,20433,9,5905
5,Latin Caribbean,  ,2015,In,53,8.482966126,8.997379404,0.519,1748,107,-,80.55,25581,1854,20606
1,North America,  ,2022,In,53,100,1.557093426,0,1156,0,-,0.35,332915,18,1156
4,Southern Cone,  ,2016,In,53,45.68944277,0.042570175,0.031,1082933,733,-,841.35,281716,1009,2370204
6,Non-Latin Caribbean,  ,2016,In,53,19.44028454,1.497566455,0.019,2077,2,-,54.95,19443,160,10684
2,Central America Ithsmus and Mexico,  ,2019,In,53,9.307173834,3.575205893,0.104,63975,717,-,383.23,179361,24575,687373
3,Andean Subregion,  ,2014,In,53,31.01530671,1.33386446,0.052,78639,131,-,184.56,137381,3382,253549
5,Latin Caribbean,  ,2018,In,53,61.04177971,3.011394466,0.027,2250,1,-,14.16,26031,111,3686
2,Central America Ithsmus and Mexico,  ,2016,In,53,9.604588806,0.482639242,0.022,28298,64,-,168.36,175002,1422,294630
7,The Americas,  ,2022,In,53,48.7092686,0.163928364,0.046,1369804,1290,-,283.21,992973,4610,2812204
5,Cuba,"DEN 3,4",2015,Out,53,100,0,0,1691,0,52,15.03,11249,0,1691
6,Aruba,  ,2015,Out,53,61.49253731,0,0,206,0,52,299.11,112,0,335
5,Cuba,DEN 2,2018,Out,53,100,0,0,2128,0,52,18.52,11489,0,2128
6,Trinidad and Tobago,  ,2020,Out,53,3.389830508,0,0,2,0,53,4.3,1373,0,59
6,Curaçao,  ,2017,Out,53,,,,0,0,52,0,150,0,0
2,Costa Rica,"DEN 1,2",2017,Out,53,1.906131991,0.035964755,0,106,0,52,113.35,4906,2,5561
6,Turks and Caicos Islands,  ,2017,Out,53,100,0,0,210,0,52,396.23,53,0,210
6,Montserrat,  ,2024,Out,53,100,0,0,1,0,11,20,5,0,1
2,Guatemala,"DEN 1,2,3,4",2022,Out,53,26.39467111,0.368740335,0.19,2219,16,52,46.07,18250,31,8407
5,Puerto Rico,"DEN 1,2,3",2023,Out,53,75.84541063,4.99194847,0,942,0,52,43.92,2828,62,1242
3,Venezuela,"DEN 1,2,3,4",2023,Out,53,30.04782699,0.353503847,0.166,1445,8,21,16.75,28705,17,4809
6,Dominica,  ,2016,Out,53,1.709401709,0,0,6,0,52,474.32,74,0,351
2,El Salvador,DEN 2,2016,Out,53,1.410854477,2.34383889,0.011,124,1,52,143,6146,206,8789
6,Saint Vincent and the Grenadines,  ,2016,Out,53,7.865168539,0,0,7,0,52,87.25,102,0,89
6,Virgin Islands (UK),  ,2019,Out,53,100,0,0,78,0,44,278.57,28,0,78
6,French Guiana,"DEN 1,2",2019,Out,53,100,0,0,250,0,50,86.21,290,0,250
1,Canada,  ,2017,Out,53,,,,0,0,52,,0,0,0
6,Jamaica,  ,2014,Out,53,8.181818182,0,0,72,0,53,31.44,2799,0,880
3,Bolivia,"DEN 1,2",2021,Out,53,26.84698782,0.234715547,0.022,2402,2,52,75.61,11833,21,8947
2,Panama,DEN 1,2020,Out,53,45.84900928,0.275896664,0.15,1828,6,53,95.77,4163,11,3987
4,Brazil,"DEN 1,2,3,4",2016,Out,53,46.79826272,0.041927834,0.032,1039147,707,52,"1,059.55",209568,931,2220482
2,Belize,  ,2024,Out,53,23.66412214,0.572519084,0,124,0,17,127.49,411,3,524
6,Saint Vincent and the Grenadines,  ,2019,Out,53,0,0,0,0,0,44,10,110,0,11
2,Panama,"DEN 1,2,3",2017,Out,53,42.21640815,0.149504765,0.019,4518,2,52,261.09,4099,16,10702
4,Paraguay,"DEN 1,3,4",2016,Out,53,3.64024781,0.068361461,0.023,2556,16,52,"1,044.09",6725,48,70215
6,Anguilla,  ,2016,Out,53,4,0,0,2,0,52,294.12,17,0,50
4,Paraguay,"DEN 1,2,4",2019,Out,53,9.82981966,,0.076,1161,9,52,171.25,6897,,11811
2,Mexico,"DEN 1,2,3",2017,Out,53,15.72758724,0.417162627,0.038,14138,34,52,69.6,129163,375,89893
6,Cayman Islands,"DEN 1,3",2014,Out,53,3.225806452,0,0,4,0,53,225.45,55,0,124
6,"Bonaire, Saint Eustatius and Saba",  ,2024,Out,53,64.73429952,0,0,134,0,12,796.15,26,0,207
6,Haiti,  ,2017,Out,53,,,,,,-,,10981,,
6,Haiti,  ,2014,Out,53,,,,,,-,,10461,,
6,Guadeloupe,DEN 2,2024,Out,53,0,0,0,0,0,16,835,400,0,3340
2,Costa Rica,"DEN 1,2,3,4",2023,Out,53,8.84857581,0.003262749,0,2712,0,52,582.46,5262,1,30649
1,Canada,  ,2023,Out,53,,,,0,0,52,,0,0,0
6,Saint Barthelemy,  ,2023,Out,53,21.16689281,0,0,156,0,52,"10,528.57",7,0,737
6,Guyana,  ,2023,Out,53,29.12772024,0,0,8071,0,52,"3,507.47",790,0,27709
6,Sint Maarten,DEN 2,2016,Out,53,9.090909091,0,0,1,0,8,26.83,41,0,11
3,Bolivia,"DEN 1,2,3",2018,Out,53,17.74384626,0.789785442,0.079,1348,6,52,67.73,11216,60,7597
2,Mexico,"DEN 1,2,3,4",2014,Out,53,25.69171542,6.937563529,0.031,32100,39,53,100.92,123799,8668,124943
2,Panama,"DEN 1,2,3",2014,Out,53,57.005619,0.36251586,0.163,3145,9,53,140.52,3926,20,5517
2,Honduras,  ,2015,Out,53,0,2.368738011,0.011,0,5,52,532.22,8424,1062,44834
1,United States of America,DEN 1,2015,Out,53,100,0.634920635,0,945,0,52,0.29,325128,6,945
2,Costa Rica,"DEN 1,2",2020,Out,53,4.23627685,0.208830549,0,426,0,53,203.03,4953,21,10056
6,Curaçao,  ,2020,Out,53,,,,0,0,53,0,162,0,0
3,Peru,"DEN 1,2,3",2023,Out,53,84.19010528,0.38471777,0.161,230872,441,52,822.05,33359,1055,274227
6,Bahamas,  ,2018,Out,53,0,0,0,0,0,52,2.51,399,0,10
3,Bolivia,"DEN 1,4",2015,Out,53,8.974500904,0.317354884,0.004,2432,1,52,245.8,11025,86,27099
6,Suriname,  ,2024,Out,53,90.58823529,3.529411765,3.529,77,3,14,14.36,592,3,85
6,Bahamas,  ,2021,Out,53,,,,,,-,,397,,
6,Trinidad and Tobago,"DEN 2,3",2023,Out,53,15.07936508,0,0,19,0,52,8.98,1403,0,126
5,Dominican Republic,  ,2024,Out,53,9.983035365,0.704684849,,765,,17,69.96,10954,54,7663
6,Turks and Caicos Islands,DEN 1,2014,Out,53,100,0,0,252,0,53,514.29,49,0,252
1,Canada,  ,2020,Out,53,,,,0,0,53,,0,0,0
6,Virgin Islands (UK),  ,2022,Out,53,100,7.407407407,0,27,0,52,71.05,38,2,27
6,Haiti,  ,2020,Out,53,3.140773976,0,0,56,0,50,16.04,11113,0,1783
6,Turks and Caicos Islands,DEN 1,2020,Out,53,16.1971831,0,0,23,0,44,507.14,28,0,142
1,United States of America,  ,2021,Out,53,100,0.877192982,0,114,0,52,0.03,332915,1,114
6,Martinique,DEN 2,2024,Out,53,0,0,0,0,0,16,"1,370.67",375,0,5140
3,Ecuador,"DEN 1,2",2022,Out,53,100,0.68052694,0.081,16017,13,52,89.54,17888,109,16017
4,Argentina,"DEN 1,2,3",2023,Out,53,100,0.20032697,0.058,130287,75,52,285.68,45606,261,130287
6,Barbados,  ,2016,Out,53,33.89145497,,0,587,0,52,595.19,291,,1732
2,Nicaragua,"DEN 1,2,3,4",2023,Out,53,5.597031409,0.00993948,0.002,10136,4,52,"2,702.12",6702,18,181096
6,Curaçao,  ,2014,Out,53,10.30927835,0,0,20,0,36,131.08,148,0,194
6,"Bonaire, Saint Eustatius and Saba",  ,2021,Out,53,,,,,,-,,26,,
3,Venezuela,"DEN 1,2,3",2020,Out,53,4.523136438,0.461240887,0.208,304,14,53,20.76,32381,31,6721
6,Cayman Islands,  ,2017,Out,53,0,0,0,0,0,52,53.45,58,0,31
6,Jamaica,DEN 3,2017,Out,53,0,17.67441861,2.791,0,6,52,7.44,2890,38,215
3,Ecuador,"DEN 1,2,4",2016,Out,53,100,0.275443181,0.028,14159,4,52,86.41,16385,39,14159
6,Anguilla,DEN 1,2019,Out,53,33.33333333,0,0,2,0,44,35.29,17,0,6
6,Trinidad and Tobago,  ,2017,Out,53,2.666666667,0,0,8,0,52,21.91,1369,0,300
2,Belize,  ,2021,Out,53,0.483247423,0,0,15,0,52,777.94,399,0,3104
6,Grenada,  ,2014,Out,53,100,2.564102564,2.564,39,1,53,35.45,110,1,39
4,Chile,  ,2015,Out,53,17.5,0,0,7,0,52,0.22,17924,0,40
6,Saint Kitts and Nevis,  ,2016,Out,53,0,0,0,0,0,52,261.54,52,0,136
6,Sint Maarten,  ,2019,Out,53,100,0,0,8,0,40,18.6,43,0,8
3,Ecuador,"DEN 1,2",2019,Out,53,9.755228137,0.451520913,0.024,821,2,52,49.91,16863,38,8416
1,United States of America,  ,2018,Out,53,100,1.812688822,0,331,0,52,0.1,326767,6,331
